{
	"class_name" : "PinholeCameraParameters",
	"extrinsic" : 
	[
		0.91444302094737984,
		0.39187903453348161,
		0.10111767270727821,
		0.0,
		-0.073390605867788797,
		0.40627208673079845,
		-0.91080009360658365,
		0.0,
		-0.39800474923170048,
		0.82545370181283284,
		0.40027291408800358,
		0.0,
		-0.00020210871105933522,
		0.00042911495209158556,
		0.0019355653103350287,
		1.0
	],
	"intrinsic" : 
	{
		"height" : 340,
		"intrinsic_matrix" : 
		[
			862.56130216930092,
			0.0,
			0.0,
			0.0,
			862.56130216930092,
			0.0,
			639.5,
			497.5,
			1.0
		],
		"width" : 640
	},
	"version_major" : 1,
	"version_minor" : 0
}
