{
	"class_name" : "PinholeCameraParameters",
	"extrinsic" : 
	[
		0.93946478703797431,
		-0.084524341915242315,
		0.3320565456958931,
		0.0,
		0.0081076179945080828,
		-0.96334164972997172,
		-0.26815505295629172,
		0.0,
		0.34254952991669491,
		0.25461441734381757,
		-0.90434026673289281,
		0.0,
		-0.10180313669890734,
		-0.005869532370692751,
		0.088410680333698366,
		1.0
	],
	"intrinsic" : 
	{
		"height" : 711,
		"intrinsic_matrix" : 
		[
			615.74406209073595,
			0.0,
			0.0,
			0.0,
			615.74406209073595,
			0.0,
			399.5,
			355.0,
			1.0
		],
		"width" : 800
	},
	"version_major" : 1,
	"version_minor" : 0
}