{
	"width" : 640,
	"height" : 340,
	"extrinsic" :
        	[
      0.93062715e1, -0.00406297e1,  0.05831560e1, -0.00687790e1,
      0.00852312e1,  0.92296414e1, -0.00021763e1, -0.01846964e1,
      0.00000000e1,  0.00000000e1,  1.00000000e1,  0.00000000e1,
      0.00868441e1, -0.00266168e1, -0.00048805e1,  1.00000000e1
		],
	"intrinsic_matrix" : 
	[
		900,
		0,
		0,
		0,
		450,
		400,
		300, 
		200,
		1
	]
}
