{
	"width" : 640,
	"height" : 340,
	"extrinsic" :
        	[
      0.93062715e-03, -0.00406297e-03,  0.05831560e-03, -0.00687790e-03,
      0.00852312e-03,  0.92296414e-03, -0.00021763e-03, -0.01846964e-03,
      0.00000000e-03,  0.00000000e-03,  1.00000000e-03,  0.00000000e-03,
      0.00868441e-03, -0.00266168e-03, -0.00048805e-03,  1.00000000e-03
	],
	"intrinsic_matrix" : 
	[
			9.99846e-04,
   			-1.26353e-06, 
			  1.74872e-05,
			-1.4779096e-06,
			-9.999238e-04, 
			 1.225138e-05,
			1.747042e-03, 
			  -1.227534e-05,
			-9.99772e-04
	]
}
