{
	"width" : 640,
	"height" : 340,
	"extrinsic" :
        	[
      	9.9984628826577793e01, 1.2635359098409581e-01,-1.7487233004436643,  1.9985, 
	-1.4779096108364480e-01,9.9992385683542895e01, -1.2251380107679535,  -7.44237e-02,
	1.7470421412464927, 1.2275341476520762,9.9977202419716948e1, -1.09157,
 	0,  0,  0,   1
 
	],
	"intrinsic_matrix" : 
	[
	5.94846e+2, 0,  3.34872e+2,
	0,5.91e+2, 2.425138e+02,
	0, 0,-9.99772e-04
	]
}
