{
	"class_name" : "PinholeCameraParameters",
	"extrinsic" : 
	[
      0.93062715, -0.00406297,  0.05831560, -0.00687790,
      0.00852312,  0.92296414, -0.00021763, -0.01846964,
      0.00000000,  0.00000000,  1.00000000,  0.00000000,
      0.00868441, -0.00266168, -0.00048805,  1.00000000
	],
	"intrinsic" : 
	{
		"height" : 340,
		"intrinsic_matrix" : 
		[
			9.99846e-01,
   			-1.26353e-03, 
			  1.74872e-02,
			-1.4779096e-03,
			-9.999238e-01, 
			 1.225138e-02,
			1.747042e-02, 
			  -1.227534e-02,
			-9.99772e-01
		],
		"width" : 640
	},
	"version_major" : 1,
	"version_minor" : 0
}
