{
	"width" : 640,
	"height" : 340,
	"extrinsic" :
	[
      	9.9984628826577793e01, 1.2635359098409581e-01,-1.7487233004436643,  1.9985, 
	-1.4779096108364480e-01,9.9992385683542895e01, -1.2251380107679535,  -7.44237e-2,
	1.7470421412464927, 1.2275341476520762,9.9977202419716948e1, -1.09157,
 	0,  0,  0,   1 
	],
	"intrinsic_matrix" : 
	[
	603.19, -0.18721,  307.147,
	0,601.744, 236.065,
	0, 0,1
	]
}
