{
	"width" : 640,
	"height" : 340,
	"extrinsic" :
        [
      	9.9984628826577793e-01, 1.2635359098409581e-03,-1.74872330044366433e-02,  1.9985e-02, 
	-1.4779096108364480e-03,9.9992385683542895e-01, -1.2251380107679535e-02,  -7.44237e-04,
	1.7470421412464927e-02, 1.2275341476520762e-02,9.9977202419716948e-01, -1.09157e-02,
 	0,  0,  0,   1
	],
	"intrinsic_matrix" : 
	[
	603.19, -0.18721,  307.147,
	0,601.744, 236.065,
	0, 0,1
	]
}
